x-axis,1
second,Volt
-620.0000E-09,-804.0200918913E-03
-619.3800E-09,-804.0200918913E-03
-618.7600E-09,-804.0200918913E-03
-618.1400E-09,-804.0200918913E-03
-617.5200E-09,-804.0200918913E-03
-616.9000E-09,-804.0200918913E-03
-616.2800E-09,-804.0200918913E-03
-615.6600E-09,-804.0200918913E-03
-615.0400E-09,-804.0200918913E-03
-614.4200E-09,-804.0200918913E-03
-613.8000E-09,-804.0200918913E-03
-613.1800E-09,-804.0200918913E-03
-612.5600E-09,-804.0200918913E-03
-611.9400E-09,-804.0200918913E-03
-611.3200E-09,-804.0200918913E-03
-610.7000E-09,-779.8994891346E-03
-610.0800E-09,-763.8190872967E-03
-609.4600E-09,-767.0351676642E-03
-608.8400E-09,-804.0200918913E-03
-608.2200E-09,-804.0200918913E-03
-607.6000E-09,-804.0200918913E-03
-606.9800E-09,-804.0200918913E-03
-606.3600E-09,-815.2763731777E-03
-605.7400E-09,-844.2210964859E-03
-605.1200E-09,-844.2210964859E-03
-604.5000E-09,-844.2210964859E-03
-603.8800E-09,-834.5728553832E-03
-603.2600E-09,-804.0200918913E-03
-602.6400E-09,-804.0200918913E-03
-602.0200E-09,-804.0200918913E-03
-601.4000E-09,-804.0200918913E-03
-600.7800E-09,-804.0200918913E-03
-600.1600E-09,-804.0200918913E-03
-599.5400E-09,-804.0200918913E-03
-598.9200E-09,-804.0200918913E-03
-598.3000E-09,-804.0200918913E-03
-597.6800E-09,-804.0200918913E-03
-597.0600E-09,-804.0200918913E-03
-596.4400E-09,-804.0200918913E-03
-595.8200E-09,-804.0200918913E-03
-595.2000E-09,-804.0200918913E-03
-594.5800E-09,-804.0200918913E-03
-593.9600E-09,-804.0200918913E-03
-593.3400E-09,-804.0200918913E-03
-592.7200E-09,-804.0200918913E-03
-592.1000E-09,-804.0200918913E-03
-591.4800E-09,-804.0200918913E-03
-590.8600E-09,-804.0200918913E-03
-590.2400E-09,-804.0200918913E-03
-589.6200E-09,-804.0200918913E-03
-589.0000E-09,-804.0200918913E-03
-588.3800E-09,-804.0200918913E-03
-587.7600E-09,-804.0200918913E-03
-587.1400E-09,-804.0200918913E-03
-586.5200E-09,-765.4271274807E-03
-585.9000E-09,-763.8190872967E-03
-585.2800E-09,-781.5075293182E-03
-584.6600E-09,-804.0200918913E-03
-584.0400E-09,-767.0351676645E-03
-583.4200E-09,-763.8190872967E-03
-582.8000E-09,-763.8190872967E-03
-582.1800E-09,-763.8190872967E-03
-581.5600E-09,-763.8190872967E-03
-580.9400E-09,-768.6432078479E-03
-580.3200E-09,-804.0200918913E-03
-579.7000E-09,-804.0200918913E-03
-579.0800E-09,-804.0200918913E-03
-578.4600E-09,-804.0200918913E-03
-577.8400E-09,-804.0200918913E-03
-577.2200E-09,-804.0200918913E-03
-576.6000E-09,-804.0200918913E-03
-575.9800E-09,-804.0200918913E-03
-575.3600E-09,-804.0200918913E-03
-574.7400E-09,-804.0200918913E-03
-574.1200E-09,-804.0200918913E-03
-573.5000E-09,-804.0200918913E-03
-572.8800E-09,-804.0200918913E-03
-572.2600E-09,-804.0200918913E-03
-571.6400E-09,-804.0200918913E-03
-571.0200E-09,-804.0200918913E-03
-570.4000E-09,-804.0200918913E-03
-569.7800E-09,-804.0200918913E-03
-569.1600E-09,-804.0200918913E-03
-568.5400E-09,-804.0200918913E-03
-567.9200E-09,-763.8190872967E-03
-567.3000E-09,-763.8190872967E-03
-566.6800E-09,-763.8190872967E-03
-566.0600E-09,-763.8190872967E-03
-565.4400E-09,-763.8190872967E-03
-564.8200E-09,-763.8190872967E-03
-564.2000E-09,-763.8190872967E-03
-563.5800E-09,-763.8190872967E-03
-562.9600E-09,-763.8190872967E-03
-562.3400E-09,-763.8190872967E-03
-561.7200E-09,-763.8190872967E-03
-561.1000E-09,-795.9798909721E-03
-560.4800E-09,-804.0200918913E-03
-559.8600E-09,-804.0200918913E-03
-559.2400E-09,-804.0200918913E-03
-558.6200E-09,-804.0200918913E-03
-558.0000E-09,-804.0200918913E-03
-557.3800E-09,-804.0200918913E-03
-556.7600E-09,-804.0200918913E-03
-556.1400E-09,-804.0200918913E-03
-555.5200E-09,-804.0200918913E-03
-554.9000E-09,-795.9798909727E-03
-554.2800E-09,-763.8190872967E-03
-553.6600E-09,-763.8190872967E-03
-553.0400E-09,-800.8040115234E-03
-552.4200E-09,-804.0200918913E-03
-551.8000E-09,-804.0200918913E-03
-551.1800E-09,-804.0200918913E-03
-550.5600E-09,-804.0200918913E-03
-549.9400E-09,-804.0200918913E-03
-549.3200E-09,-804.0200918913E-03
-548.7000E-09,-804.0200918913E-03
-548.0800E-09,-804.0200918913E-03
-547.4600E-09,-804.0200918913E-03
-546.8400E-09,-791.1557704214E-03
-546.2200E-09,-763.8190872967E-03
-545.6000E-09,-763.8190872967E-03
-544.9800E-09,-763.8190872967E-03
-544.3600E-09,-763.8190872967E-03
-543.7400E-09,-763.8190872967E-03
-543.1200E-09,-763.8190872967E-03
-542.5000E-09,-763.8190872967E-03
-541.8800E-09,-763.8190872967E-03
-541.2600E-09,-783.1155695017E-03
-540.6400E-09,-804.0200918913E-03
-540.0200E-09,-804.0200918913E-03
-539.4000E-09,-804.0200918913E-03
-538.7800E-09,-804.0200918913E-03
-538.1600E-09,-804.0200918913E-03
-537.5400E-09,-804.0200918913E-03
-536.9200E-09,-804.0200918913E-03
-536.3000E-09,-787.9396900539E-03
-535.6800E-09,-763.8190872967E-03
-535.0600E-09,-763.8190872967E-03
-534.4400E-09,-763.8190872967E-03
-533.8200E-09,-763.8190872967E-03
-533.2000E-09,-763.8190872967E-03
-532.5800E-09,-763.8190872967E-03
-531.9600E-09,-763.8190872967E-03
-531.3400E-09,-763.8190872967E-03
-530.7200E-09,-786.3316498692E-03
-530.1000E-09,-804.0200918913E-03
-529.4800E-09,-804.0200918913E-03
-528.8600E-09,-804.0200918913E-03
-528.2400E-09,-804.0200918913E-03
-527.6200E-09,-804.0200918913E-03
-527.0000E-09,-804.0200918913E-03
-526.3800E-09,-804.0200918913E-03
-525.7600E-09,-804.0200918913E-03
-525.1400E-09,-804.0200918913E-03
-524.5200E-09,-804.0200918913E-03
-523.9000E-09,-804.0200918913E-03
-523.2800E-09,-804.0200918913E-03
-522.6600E-09,-804.0200918913E-03
-522.0400E-09,-804.0200918913E-03
-521.4200E-09,-804.0200918913E-03
-520.8000E-09,-804.0200918913E-03
-520.1800E-09,-804.0200918913E-03
-519.5600E-09,-804.0200918913E-03
-518.9400E-09,-804.0200918913E-03
-518.3200E-09,-804.0200918913E-03
-517.7000E-09,-804.0200918913E-03
-517.0800E-09,-804.0200918913E-03
-516.4600E-09,-800.8040115242E-03
-515.8400E-09,-763.8190872967E-03
-515.2200E-09,-763.8190872967E-03
-514.6000E-09,-763.8190872967E-03
-513.9800E-09,-763.8190872967E-03
-513.3600E-09,-763.8190872967E-03
-512.7400E-09,-763.8190872967E-03
-512.1200E-09,-763.8190872967E-03
-511.5000E-09,-763.8190872967E-03
-510.8800E-09,-763.8190872967E-03
-510.2600E-09,-763.8190872967E-03
-509.6400E-09,-763.8190872967E-03
-509.0200E-09,-763.8190872967E-03
-508.4000E-09,-763.8190872967E-03
-507.7800E-09,-763.8190872967E-03
-507.1600E-09,-763.8190872967E-03
-506.5400E-09,-763.8190872967E-03
-505.9200E-09,-763.8190872967E-03
-505.3000E-09,-763.8190872967E-03
-504.6800E-09,-789.5477302367E-03
-504.0600E-09,-804.0200918913E-03
-503.4400E-09,-804.0200918913E-03
-502.8200E-09,-804.0200918913E-03
-502.2000E-09,-804.0200918913E-03
-501.5800E-09,-804.0200918913E-03
-500.9600E-09,-804.0200918913E-03
-500.3400E-09,-804.0200918913E-03
-499.7200E-09,-804.0200918913E-03
-499.1000E-09,-804.0200918913E-03
-498.4800E-09,-802.4120517081E-03
-497.8600E-09,-763.8190872967E-03
-497.2400E-09,-784.7236096853E-03
-496.6200E-09,-804.0200918913E-03
-496.0000E-09,-804.0200918913E-03
-495.3800E-09,-763.8190872967E-03
-494.7600E-09,-763.8190872967E-03
-494.1400E-09,-792.7638106042E-03
-493.5200E-09,-804.0200918913E-03
-492.9000E-09,-804.0200918913E-03
-492.2800E-09,-804.0200918913E-03
-491.6600E-09,-804.0200918913E-03
-491.0400E-09,-804.0200918913E-03
-490.4200E-09,-804.0200918913E-03
-489.8000E-09,-804.0200918913E-03
-489.1800E-09,-804.0200918913E-03
-488.5600E-09,-804.0200918913E-03
-487.9400E-09,-763.8190872967E-03
-487.3200E-09,-763.8190872967E-03
-486.7000E-09,-763.8190872967E-03
-486.0800E-09,-763.8190872967E-03
-485.4600E-09,-763.8190872967E-03
-484.8400E-09,-763.8190872967E-03
-484.2200E-09,-763.8190872967E-03
-483.6000E-09,-763.8190872967E-03
-482.9800E-09,-763.8190872967E-03
-482.3600E-09,-763.8190872967E-03
-481.7400E-09,-763.8190872967E-03
-481.1200E-09,-763.8190872967E-03
-480.5000E-09,-763.8190872967E-03
-479.8800E-09,-763.8190872967E-03
-479.2600E-09,-763.8190872967E-03
-478.6400E-09,-792.7638106041E-03
-478.0200E-09,-804.0200918913E-03
-477.4000E-09,-804.0200918913E-03
-476.7800E-09,-804.0200918913E-03
-476.1600E-09,-804.0200918913E-03
-475.5400E-09,-804.0200918913E-03
-474.9200E-09,-804.0200918913E-03
-474.3000E-09,-804.0200918913E-03
-473.6800E-09,-804.0200918913E-03
-473.0600E-09,-804.0200918913E-03
-472.4400E-09,-804.0200918913E-03
-471.8200E-09,-804.0200918913E-03
-471.2000E-09,-804.0200918913E-03
-470.5800E-09,-804.0200918913E-03
-469.9600E-09,-804.0200918913E-03
-469.3400E-09,-804.0200918913E-03
-468.7200E-09,-781.5075293190E-03
-468.1000E-09,-763.8190872967E-03
-467.4800E-09,-763.8190872967E-03
-466.8600E-09,-763.8190872967E-03
-466.2400E-09,-763.8190872967E-03
-465.6200E-09,-763.8190872967E-03
-465.0000E-09,-763.8190872967E-03
-464.3800E-09,-763.8190872967E-03
-463.7600E-09,-763.8190872967E-03
-463.1400E-09,-763.8190872967E-03
-462.5200E-09,-763.8190872967E-03
-461.9000E-09,-804.0200918913E-03
-461.2800E-09,-804.0200918913E-03
-460.6600E-09,-804.0200918913E-03
-460.0400E-09,-804.0200918913E-03
-459.4200E-09,-804.0200918913E-03
-458.8000E-09,-804.0200918913E-03
-458.1800E-09,-804.0200918913E-03
-457.5600E-09,-804.0200918913E-03
-456.9400E-09,-804.0200918913E-03
-456.3200E-09,-804.0200918913E-03
-455.7000E-09,-804.0200918913E-03
-455.0800E-09,-837.7889357501E-03
-454.4600E-09,-844.2210964859E-03
-453.8400E-09,-831.3567750163E-03
-453.2200E-09,-804.0200918913E-03
-452.6000E-09,-804.0200918913E-03
-451.9800E-09,-804.0200918913E-03
-451.3600E-09,-804.0200918913E-03
-450.7400E-09,-804.0200918913E-03
-450.1200E-09,-804.0200918913E-03
-449.5000E-09,-804.0200918913E-03
-448.8800E-09,-804.0200918913E-03
-448.2600E-09,-804.0200918913E-03
-447.6400E-09,-804.0200918913E-03
-447.0200E-09,-804.0200918913E-03
-446.4000E-09,-804.0200918913E-03
-445.7800E-09,-804.0200918913E-03
-445.1600E-09,-776.6834087676E-03
-444.5400E-09,-763.8190872967E-03
-443.9200E-09,-763.8190872967E-03
-443.3000E-09,-763.8190872967E-03
-442.6800E-09,-763.8190872967E-03
-442.0600E-09,-763.8190872967E-03
-441.4400E-09,-763.8190872967E-03
-440.8200E-09,-763.8190872967E-03
-440.2000E-09,-763.8190872967E-03
-439.5800E-09,-763.8190872967E-03
-438.9600E-09,-763.8190872967E-03
-438.3400E-09,-763.8190872967E-03
-437.7200E-09,-763.8190872967E-03
-437.1000E-09,-763.8190872967E-03
-436.4800E-09,-763.8190872967E-03
-435.8600E-09,-763.8190872967E-03
-435.2400E-09,-763.8190872967E-03
-434.6200E-09,-794.3718507880E-03
-434.0000E-09,-804.0200918913E-03
-433.3800E-09,-804.0200918913E-03
-432.7600E-09,-804.0200918913E-03
-432.1400E-09,-804.0200918913E-03
-431.5200E-09,-804.0200918913E-03
-430.9000E-09,-804.0200918913E-03
-430.2800E-09,-804.0200918913E-03
-429.6600E-09,-804.0200918913E-03
-429.0400E-09,-804.0200918913E-03
-428.4200E-09,-804.0200918913E-03
-427.8000E-09,-804.0200918913E-03
-427.1800E-09,-804.0200918913E-03
-426.5600E-09,-804.0200918913E-03
-425.9400E-09,-804.0200918913E-03
-425.3200E-09,-804.0200918913E-03
-424.7000E-09,-804.0200918913E-03
-424.0800E-09,-804.0200918913E-03
-423.4600E-09,-804.0200918913E-03
-422.8400E-09,-804.0200918913E-03
-422.2200E-09,-804.0200918913E-03
-421.6000E-09,-804.0200918913E-03
-420.9800E-09,-804.0200918913E-03
-420.3600E-09,-804.0200918913E-03
-419.7400E-09,-804.0200918913E-03
-419.1200E-09,-804.0200918913E-03
-418.5000E-09,-804.0200918913E-03
-417.8800E-09,-804.0200918913E-03
-417.2600E-09,-804.0200918913E-03
-416.6400E-09,-804.0200918913E-03
-416.0200E-09,-804.0200918913E-03
-415.4000E-09,-804.0200918913E-03
-414.7800E-09,-804.0200918913E-03
-414.1600E-09,-804.0200918913E-03
-413.5400E-09,-804.0200918913E-03
-412.9200E-09,-810.4522526258E-03
-412.3000E-09,-828.1406946486E-03
-411.6800E-09,-804.0200918913E-03
-411.0600E-09,-804.0200918913E-03
-410.4400E-09,-804.0200918913E-03
-409.8200E-09,-804.0200918913E-03
-409.2000E-09,-804.0200918913E-03
-408.5800E-09,-804.0200918913E-03
-407.9600E-09,-804.0200918913E-03
-407.3400E-09,-804.0200918913E-03
-406.7200E-09,-804.0200918913E-03
-406.1000E-09,-804.0200918913E-03
-405.4800E-09,-804.0200918913E-03
-404.8600E-09,-804.0200918913E-03
-404.2400E-09,-804.0200918913E-03
-403.6200E-09,-804.0200918913E-03
-403.0000E-09,-804.0200918913E-03
-402.3800E-09,-804.0200918913E-03
-401.7600E-09,-804.0200918913E-03
-401.1400E-09,-804.0200918913E-03
-400.5200E-09,-804.0200918913E-03
-399.9000E-09,-804.0200918913E-03
-399.2800E-09,-804.0200918913E-03
-398.6600E-09,-804.0200918913E-03
-398.0400E-09,-804.0200918913E-03
-397.4200E-09,-804.0200918913E-03
-396.8000E-09,-804.0200918913E-03
-396.1800E-09,-804.0200918913E-03
-395.5600E-09,-804.0200918913E-03
-394.9400E-09,-804.0200918913E-03
-394.3200E-09,-804.0200918913E-03
-393.7000E-09,-804.0200918913E-03
-393.0800E-09,-804.0200918913E-03
-392.4600E-09,-804.0200918913E-03
-391.8400E-09,-804.0200918913E-03
-391.2200E-09,-804.0200918913E-03
-390.6000E-09,-771.8592882162E-03
-389.9800E-09,-763.8190872967E-03
-389.3600E-09,-763.8190872967E-03
-388.7400E-09,-784.7236096854E-03
-388.1200E-09,-804.0200918913E-03
-387.5000E-09,-804.0200918913E-03
-386.8800E-09,-804.0200918913E-03
-386.2600E-09,-804.0200918913E-03
-385.6400E-09,-804.0200918913E-03
-385.0200E-09,-804.0200918913E-03
-384.4000E-09,-804.0200918913E-03
-383.7800E-09,-804.0200918913E-03
-383.1600E-09,-804.0200918913E-03
-382.5400E-09,-804.0200918913E-03
-381.9200E-09,-804.0200918913E-03
-381.3000E-09,-804.0200918913E-03
-380.6800E-09,-804.0200918913E-03
-380.0600E-09,-804.0200918913E-03
-379.4400E-09,-804.0200918913E-03
-378.8200E-09,-804.0200918913E-03
-378.2000E-09,-804.0200918913E-03
-377.5800E-09,-804.0200918913E-03
-376.9600E-09,-804.0200918913E-03
-376.3400E-09,-804.0200918913E-03
-375.7200E-09,-804.0200918913E-03
-375.1000E-09,-804.0200918913E-03
-374.4800E-09,-804.0200918913E-03
-373.8600E-09,-804.0200918913E-03
-373.2400E-09,-804.0200918913E-03
-372.6200E-09,-804.0200918913E-03
-372.0000E-09,-804.0200918913E-03
-371.3800E-09,-804.0200918913E-03
-370.7600E-09,-804.0200918913E-03
-370.1400E-09,-804.0200918913E-03
-369.5200E-09,-804.0200918913E-03
-368.9000E-09,-804.0200918913E-03
-368.2800E-09,-804.0200918913E-03
-367.6600E-09,-804.0200918913E-03
-367.0400E-09,-804.0200918913E-03
-366.4200E-09,-804.0200918913E-03
-365.8000E-09,-804.0200918913E-03
-365.1800E-09,-804.0200918913E-03
-364.5600E-09,-768.6432078486E-03
-363.9400E-09,-763.8190872967E-03
-363.3200E-09,-763.8190872967E-03
-362.7000E-09,-763.8190872967E-03
-362.0800E-09,-763.8190872967E-03
-361.4600E-09,-804.0200918913E-03
-360.8400E-09,-804.0200918913E-03
-360.2200E-09,-804.0200918913E-03
-359.6000E-09,-804.0200918913E-03
-358.9800E-09,-804.0200918913E-03
-358.3600E-09,-804.0200918913E-03
-357.7400E-09,-804.0200918913E-03
-357.1200E-09,-804.0200918913E-03
-356.5000E-09,-763.8190872972E-03
-355.8800E-09,-763.8190872967E-03
-355.2600E-09,-763.8190872967E-03
-354.6400E-09,-763.8190872967E-03
-354.0200E-09,-763.8190872967E-03
-353.4000E-09,-763.8190872967E-03
-352.7800E-09,-763.8190872967E-03
-352.1600E-09,-763.8190872967E-03
-351.5400E-09,-800.8040115233E-03
-350.9200E-09,-804.0200918913E-03
-350.3000E-09,-804.0200918913E-03
-349.6800E-09,-804.0200918913E-03
-349.0600E-09,-804.0200918913E-03
-348.4400E-09,-804.0200918913E-03
-347.8200E-09,-804.0200918913E-03
-347.2000E-09,-804.0200918913E-03
-346.5800E-09,-770.2512480323E-03
-345.9600E-09,-763.8190872967E-03
-345.3400E-09,-763.8190872967E-03
-344.7200E-09,-763.8190872967E-03
-344.1000E-09,-763.8190872967E-03
-343.4800E-09,-763.8190872967E-03
-342.8600E-09,-763.8190872967E-03
-342.2400E-09,-784.7236096854E-03
-341.6200E-09,-804.0200918913E-03
-341.0000E-09,-804.0200918913E-03
-340.3800E-09,-804.0200918913E-03
-339.7600E-09,-823.3165740962E-03
-339.1400E-09,-844.2210964859E-03
-338.5200E-09,-805.6281320755E-03
-337.9000E-09,-804.0200918913E-03
-337.2800E-09,-804.0200918913E-03
-336.6600E-09,-804.0200918913E-03
-336.0400E-09,-804.0200918913E-03
-335.4200E-09,-804.0200918913E-03
-334.8000E-09,-804.0200918913E-03
-334.1800E-09,-804.0200918913E-03
-333.5600E-09,-804.0200918913E-03
-332.9400E-09,-804.0200918913E-03
-332.3200E-09,-804.0200918913E-03
-331.7000E-09,-804.0200918913E-03
-331.0800E-09,-804.0200918913E-03
-330.4600E-09,-804.0200918913E-03
-329.8400E-09,-804.0200918913E-03
-329.2200E-09,-804.0200918913E-03
-328.6000E-09,-804.0200918913E-03
-327.9800E-09,-804.0200918913E-03
-327.3600E-09,-804.0200918913E-03
-326.7400E-09,-804.0200918913E-03
-326.1200E-09,-804.0200918913E-03
-325.5000E-09,-804.0200918913E-03
-324.8800E-09,-763.8190872967E-03
-324.2600E-09,-763.8190872967E-03
-323.6400E-09,-763.8190872967E-03
-323.0200E-09,-763.8190872967E-03
-322.4000E-09,-763.8190872967E-03
-321.7800E-09,-781.5075293179E-03
-321.1600E-09,-804.0200918913E-03
-320.5400E-09,-804.0200918913E-03
-319.9200E-09,-804.0200918913E-03
-319.3000E-09,-820.1004937287E-03
-318.6800E-09,-844.2210964859E-03
-318.0600E-09,-844.2210964859E-03
-317.4400E-09,-844.2210964859E-03
-316.8200E-09,-844.2210964859E-03
-316.2000E-09,-844.2210964859E-03
-315.5800E-09,-844.2210964859E-03
-314.9600E-09,-844.2210964859E-03
-314.3400E-09,-844.2210964859E-03
-313.7200E-09,-844.2210964859E-03
-313.1000E-09,-812.0602928106E-03
-312.4800E-09,-804.0200918913E-03
-311.8600E-09,-804.0200918913E-03
-311.2400E-09,-804.0200918913E-03
-310.6200E-09,-804.0200918913E-03
-310.0000E-09,-804.0200918913E-03
-309.3800E-09,-804.0200918913E-03
-308.7600E-09,-804.0200918913E-03
-308.1400E-09,-804.0200918913E-03
-307.5200E-09,-804.0200918913E-03
-306.9000E-09,-763.8190872967E-03
-306.2800E-09,-763.8190872967E-03
-305.6600E-09,-763.8190872967E-03
-305.0400E-09,-763.8190872967E-03
-304.4200E-09,-770.2512480315E-03
-303.8000E-09,-804.0200918913E-03
-303.1800E-09,-804.0200918913E-03
-302.5600E-09,-804.0200918913E-03
-301.9400E-09,-804.0200918913E-03
-301.3200E-09,-804.0200918913E-03
-300.7000E-09,-804.0200918913E-03
-300.0800E-09,-804.0200918913E-03
-299.4600E-09,-804.0200918913E-03
-298.8400E-09,-804.0200918913E-03
-298.2200E-09,-804.0200918913E-03
-297.6000E-09,-804.0200918913E-03
-296.9800E-09,-802.4120517079E-03
-296.3600E-09,-763.8190872967E-03
-295.7400E-09,-763.8190872967E-03
-295.1200E-09,-763.8190872967E-03
-294.5000E-09,-763.8190872967E-03
-293.8800E-09,-763.8190872967E-03
-293.2600E-09,-763.8190872967E-03
-292.6400E-09,-763.8190872967E-03
-292.0200E-09,-763.8190872967E-03
-291.4000E-09,-804.0200918913E-03
-290.7800E-09,-804.0200918913E-03
-290.1600E-09,-776.6834087673E-03
-289.5400E-09,-763.8190872967E-03
-288.9200E-09,-763.8190872967E-03
-288.3000E-09,-763.8190872967E-03
-287.6800E-09,-763.8190872967E-03
-287.0600E-09,-763.8190872967E-03
-286.4400E-09,-763.8190872967E-03
-285.8200E-09,-763.8190872967E-03
-285.2000E-09,-763.8190872967E-03
-284.5800E-09,-763.8190872967E-03
-283.9600E-09,-763.8190872967E-03
-283.3400E-09,-763.8190872967E-03
-282.7200E-09,-763.8190872967E-03
-282.1000E-09,-763.8190872967E-03
-281.4800E-09,-765.4271274802E-03
-280.8600E-09,-804.0200918913E-03
-280.2400E-09,-804.0200918913E-03
-279.6200E-09,-804.0200918913E-03
-279.0000E-09,-804.0200918913E-03
-278.3800E-09,-804.0200918913E-03
-277.7600E-09,-804.0200918913E-03
-277.1400E-09,-804.0200918913E-03
-276.5200E-09,-804.0200918913E-03
-275.9000E-09,-804.0200918913E-03
-275.2800E-09,-804.0200918913E-03
-274.6600E-09,-804.0200918913E-03
-274.0400E-09,-767.0351676646E-03
-273.4200E-09,-763.8190872967E-03
-272.8000E-09,-763.8190872967E-03
-272.1800E-09,-789.5477302369E-03
-271.5600E-09,-804.0200918913E-03
-270.9400E-09,-768.6432078478E-03
-270.3200E-09,-804.0200918913E-03
-269.7000E-09,-804.0200918913E-03
-269.0800E-09,-804.0200918913E-03
-268.4600E-09,-804.0200918913E-03
-267.8400E-09,-804.0200918913E-03
-267.2200E-09,-781.5075293186E-03
-266.6000E-09,-763.8190872967E-03
-265.9800E-09,-763.8190872967E-03
-265.3600E-09,-763.8190872967E-03
-264.7400E-09,-763.8190872967E-03
-264.1200E-09,-763.8190872967E-03
-263.5000E-09,-763.8190872967E-03
-262.8800E-09,-773.4673283991E-03
-262.2600E-09,-804.0200918913E-03
-261.6400E-09,-804.0200918913E-03
-261.0200E-09,-765.4271274808E-03
-260.4000E-09,-804.0200918913E-03
-259.7800E-09,-804.0200918913E-03
-259.1600E-09,-776.6834087673E-03
-258.5400E-09,-763.8190872967E-03
-257.9200E-09,-763.8190872967E-03
-257.3000E-09,-763.8190872967E-03
-256.6800E-09,-763.8190872967E-03
-256.0600E-09,-763.8190872967E-03
-255.4400E-09,-804.0200918913E-03
-254.8200E-09,-804.0200918913E-03
-254.2000E-09,-804.0200918913E-03
-253.5800E-09,-804.0200918913E-03
-252.9600E-09,-804.0200918913E-03
-252.3400E-09,-804.0200918913E-03
-251.7200E-09,-804.0200918913E-03
-251.1000E-09,-804.0200918913E-03
-250.4800E-09,-804.0200918913E-03
-249.8600E-09,-804.0200918913E-03
-249.2400E-09,-804.0200918913E-03
-248.6200E-09,-804.0200918913E-03
-248.0000E-09,-804.0200918913E-03
-247.3800E-09,-804.0200918913E-03
-246.7600E-09,-804.0200918913E-03
-246.1400E-09,-804.0200918913E-03
-245.5200E-09,-842.6130563018E-03
-244.9000E-09,-844.2210964859E-03
-244.2800E-09,-844.2210964859E-03
-243.6600E-09,-844.2210964859E-03
-243.0400E-09,-844.2210964859E-03
-242.4200E-09,-844.2210964859E-03
-241.8000E-09,-844.2210964859E-03
-241.1800E-09,-844.2210964859E-03
-240.5600E-09,-844.2210964859E-03
-239.9400E-09,-844.2210964859E-03
-239.3200E-09,-844.2210964859E-03
-238.7000E-09,-844.2210964859E-03
-238.0800E-09,-844.2210964859E-03
-237.4600E-09,-804.0200918913E-03
-236.8400E-09,-804.0200918913E-03
-236.2200E-09,-804.0200918913E-03
-235.6000E-09,-804.0200918913E-03
-234.9800E-09,-804.0200918913E-03
-234.3600E-09,-804.0200918913E-03
-233.7400E-09,-804.0200918913E-03
-233.1200E-09,-804.0200918913E-03
-232.5000E-09,-804.0200918913E-03
-231.8800E-09,-804.0200918913E-03
-231.2600E-09,-804.0200918913E-03
-230.6400E-09,-804.0200918913E-03
-230.0200E-09,-804.0200918913E-03
-229.4000E-09,-804.0200918913E-03
-228.7800E-09,-804.0200918913E-03
-228.1600E-09,-804.0200918913E-03
-227.5400E-09,-804.0200918913E-03
-226.9200E-09,-804.0200918913E-03
-226.3000E-09,-820.1004937288E-03
-225.6800E-09,-844.2210964859E-03
-225.0600E-09,-844.2210964859E-03
-224.4400E-09,-844.2210964859E-03
-223.8200E-09,-829.7487348321E-03
-223.2000E-09,-804.0200918913E-03
-222.5800E-09,-804.0200918913E-03
-221.9600E-09,-804.0200918913E-03
-221.3400E-09,-804.0200918913E-03
-220.7200E-09,-804.0200918913E-03
-220.1000E-09,-804.0200918913E-03
-219.4800E-09,-804.0200918913E-03
-218.8600E-09,-804.0200918913E-03
-218.2400E-09,-804.0200918913E-03
-217.6200E-09,-804.0200918913E-03
-217.0000E-09,-804.0200918913E-03
-216.3800E-09,-804.0200918913E-03
-215.7600E-09,-804.0200918913E-03
-215.1400E-09,-804.0200918913E-03
-214.5200E-09,-804.0200918913E-03
-213.9000E-09,-804.0200918913E-03
-213.2800E-09,-786.3316498700E-03
-212.6600E-09,-763.8190872967E-03
-212.0400E-09,-763.8190872967E-03
-211.4200E-09,-763.8190872967E-03
-210.8000E-09,-763.8190872967E-03
-210.1800E-09,-763.8190872967E-03
-209.5600E-09,-799.1959713396E-03
-208.9400E-09,-804.0200918913E-03
-208.3200E-09,-804.0200918913E-03
-207.7000E-09,-804.0200918913E-03
-207.0800E-09,-804.0200918913E-03
-206.4600E-09,-804.0200918913E-03
-205.8400E-09,-804.0200918913E-03
-205.2200E-09,-804.0200918913E-03
-204.6000E-09,-804.0200918913E-03
-203.9800E-09,-804.0200918913E-03
-203.3600E-09,-792.7638106051E-03
-202.7400E-09,-763.8190872967E-03
-202.1200E-09,-763.8190872967E-03
-201.5000E-09,-763.8190872967E-03
-200.8800E-09,-763.8190872967E-03
-200.2600E-09,-763.8190872967E-03
-199.6400E-09,-763.8190872967E-03
-199.0200E-09,-802.4120517072E-03
-198.4000E-09,-804.0200918913E-03
-197.7800E-09,-804.0200918913E-03
-197.1600E-09,-804.0200918913E-03
-196.5400E-09,-804.0200918913E-03
-195.9200E-09,-804.0200918913E-03
-195.3000E-09,-804.0200918913E-03
-194.6800E-09,-804.0200918913E-03
-194.0600E-09,-804.0200918913E-03
-193.4400E-09,-799.1959713403E-03
-192.8200E-09,-763.8190872967E-03
-192.2000E-09,-763.8190872967E-03
-191.5800E-09,-763.8190872967E-03
-190.9600E-09,-763.8190872967E-03
-190.3400E-09,-763.8190872967E-03
-189.7200E-09,-763.8190872967E-03
-189.1000E-09,-763.8190872967E-03
-188.4800E-09,-763.8190872967E-03
-187.8600E-09,-763.8190872967E-03
-187.2400E-09,-763.8190872967E-03
-186.6200E-09,-763.8190872967E-03
-186.0000E-09,-763.8190872967E-03
-185.3800E-09,-763.8190872967E-03
-184.7600E-09,-763.8190872967E-03
-184.1400E-09,-763.8190872967E-03
-183.5200E-09,-763.8190872967E-03
-182.9000E-09,-763.8190872967E-03
-182.2800E-09,-763.8190872967E-03
-181.6600E-09,-791.1557704207E-03
-181.0400E-09,-804.0200918913E-03
-180.4200E-09,-797.5879311565E-03
-179.8000E-09,-763.8190872967E-03
-179.1800E-09,-763.8190872967E-03
-178.5600E-09,-763.8190872967E-03
-177.9400E-09,-763.8190872967E-03
-177.3200E-09,-763.8190872967E-03
-176.7000E-09,-763.8190872967E-03
-176.0800E-09,-763.8190872967E-03
-175.4600E-09,-767.0351676639E-03
-174.8400E-09,-804.0200918913E-03
-174.2200E-09,-804.0200918913E-03
-173.6000E-09,-804.0200918913E-03
-172.9800E-09,-804.0200918913E-03
-172.3600E-09,-804.0200918913E-03
-171.7400E-09,-804.0200918913E-03
-171.1200E-09,-804.0200918913E-03
-170.5000E-09,-804.0200918913E-03
-169.8800E-09,-804.0200918913E-03
-169.2600E-09,-804.0200918913E-03
-168.6400E-09,-804.0200918913E-03
-168.0200E-09,-804.0200918913E-03
-167.4000E-09,-804.0200918913E-03
-166.7800E-09,-804.0200918913E-03
-166.1600E-09,-804.0200918913E-03
-165.5400E-09,-804.0200918913E-03
-164.9200E-09,-804.0200918913E-03
-164.3000E-09,-804.0200918913E-03
-163.6800E-09,-804.0200918913E-03
-163.0600E-09,-804.0200918913E-03
-162.4400E-09,-804.0200918913E-03
-161.8200E-09,-804.0200918913E-03
-161.2000E-09,-804.0200918913E-03
-160.5800E-09,-804.0200918913E-03
-159.9600E-09,-804.0200918913E-03
-159.3400E-09,-804.0200918913E-03
-158.7200E-09,-804.0200918913E-03
-158.1000E-09,-804.0200918913E-03
-157.4800E-09,-804.0200918913E-03
-156.8600E-09,-804.0200918913E-03
-156.2400E-09,-783.1155695025E-03
-155.6200E-09,-763.8190872967E-03
-155.0000E-09,-763.8190872967E-03
-154.3800E-09,-763.8190872967E-03
-153.7600E-09,-763.8190872967E-03
-153.1400E-09,-763.8190872967E-03
-152.5200E-09,-763.8190872967E-03
-151.9000E-09,-771.8592882153E-03
-151.2800E-09,-804.0200918913E-03
-150.6600E-09,-804.0200918913E-03
-150.0400E-09,-804.0200918913E-03
-149.4200E-09,-804.0200918913E-03
-148.8000E-09,-804.0200918913E-03
-148.1800E-09,-804.0200918913E-03
-147.5600E-09,-804.0200918913E-03
-146.9400E-09,-804.0200918913E-03
-146.3200E-09,-804.0200918913E-03
-145.7000E-09,-804.0200918913E-03
-145.0800E-09,-804.0200918913E-03
-144.4600E-09,-804.0200918913E-03
-143.8400E-09,-804.0200918913E-03
-143.2200E-09,-804.0200918913E-03
-142.6000E-09,-804.0200918913E-03
-141.9800E-09,-804.0200918913E-03
-141.3600E-09,-815.2763731774E-03
-140.7400E-09,-844.2210964859E-03
-140.1200E-09,-844.2210964859E-03
-139.5000E-09,-844.2210964859E-03
-138.8800E-09,-844.2210964859E-03
-138.2600E-09,-844.2210964859E-03
-137.6400E-09,-844.2210964859E-03
-137.0200E-09,-805.6281320755E-03
-136.4000E-09,-804.0200918913E-03
-135.7800E-09,-804.0200918913E-03
-135.1600E-09,-804.0200918913E-03
-134.5400E-09,-804.0200918913E-03
-133.9200E-09,-804.0200918913E-03
-133.3000E-09,-804.0200918913E-03
-132.6800E-09,-804.0200918913E-03
-132.0600E-09,-804.0200918913E-03
-131.4400E-09,-804.0200918913E-03
-130.8200E-09,-804.0200918913E-03
-130.2000E-09,-804.0200918913E-03
-129.5800E-09,-804.0200918913E-03
-128.9600E-09,-804.0200918913E-03
-128.3400E-09,-804.0200918913E-03
-127.7200E-09,-804.0200918913E-03
-127.1000E-09,-804.0200918913E-03
-126.4800E-09,-804.0200918913E-03
-125.8600E-09,-804.0200918913E-03
-125.2400E-09,-804.0200918913E-03
-124.6200E-09,-804.0200918913E-03
-124.0000E-09,-804.0200918913E-03
-123.3800E-09,-804.0200918913E-03
-122.7600E-09,-804.0200918913E-03
-122.1400E-09,-804.0200918913E-03
-121.5200E-09,-804.0200918913E-03
-120.9000E-09,-804.0200918913E-03
-120.2800E-09,-804.0200918913E-03
-119.6600E-09,-804.0200918913E-03
-119.0400E-09,-804.0200918913E-03
-118.4200E-09,-804.0200918913E-03
-117.8000E-09,-787.9396900539E-03
-117.1800E-09,-763.8190872967E-03
-116.5600E-09,-763.8190872967E-03
-115.9400E-09,-763.8190872967E-03
-115.3200E-09,-763.8190872967E-03
-114.7000E-09,-763.8190872967E-03
-114.0800E-09,-763.8190872967E-03
-113.4600E-09,-763.8190872967E-03
-112.8400E-09,-763.8190872967E-03
-112.2200E-09,-763.8190872967E-03
-111.6000E-09,-763.8190872967E-03
-110.9800E-09,-763.8190872967E-03
-110.3600E-09,-763.8190872967E-03
-109.7400E-09,-763.8190872967E-03
-109.1200E-09,-763.8190872967E-03
-108.5000E-09,-763.8190872967E-03
-107.8800E-09,-763.8190872967E-03
-107.2600E-09,-763.8190872967E-03
-106.6400E-09,-763.8190872967E-03
-106.0200E-09,-763.8190872967E-03
-105.4000E-09,-771.8592882152E-03
-104.7800E-09,-804.0200918913E-03
-104.1600E-09,-804.0200918913E-03
-103.5400E-09,-804.0200918913E-03
-102.9200E-09,-804.0200918913E-03
-102.3000E-09,-804.0200918913E-03
-101.6800E-09,-804.0200918913E-03
-101.0600E-09,-804.0200918913E-03
-100.4400E-09,-804.0200918913E-03
-99.8200E-09,-804.0200918913E-03
-99.2000E-09,-779.8994891350E-03
-98.5800E-09,-763.8190872967E-03
-97.9600E-09,-763.8190872967E-03
-97.3400E-09,-763.8190872967E-03
-96.7200E-09,-763.8190872967E-03
-96.1000E-09,-763.8190872967E-03
-95.4800E-09,-765.4271274801E-03
-94.8600E-09,-804.0200918913E-03
-94.2400E-09,-804.0200918913E-03
-93.6200E-09,-804.0200918913E-03
-93.0000E-09,-804.0200918913E-03
-92.3800E-09,-804.0200918913E-03
-91.7600E-09,-804.0200918913E-03
-91.1400E-09,-804.0200918913E-03
-90.5200E-09,-804.0200918913E-03
-89.9000E-09,-804.0200918913E-03
-89.2800E-09,-786.3316498701E-03
-88.6600E-09,-763.8190872967E-03
-88.0400E-09,-763.8190872967E-03
-87.4200E-09,-763.8190872967E-03
-86.8000E-09,-763.8190872967E-03
-86.1800E-09,-789.5477302368E-03
-85.5600E-09,-768.6432078485E-03
-84.9400E-09,-804.0200918913E-03
-84.3200E-09,-789.5477302377E-03
-83.7000E-09,-763.8190872967E-03
-83.0800E-09,-763.8190872967E-03
-82.4600E-09,-763.8190872967E-03
-81.8400E-09,-763.8190872967E-03
-81.2200E-09,-763.8190872967E-03
-80.6000E-09,-763.8190872967E-03
-79.9800E-09,-763.8190872967E-03
-79.3600E-09,-775.0753685828E-03
-78.7400E-09,-804.0200918913E-03
-78.1200E-09,-804.0200918913E-03
-77.5000E-09,-804.0200918913E-03
-76.8800E-09,-804.0200918913E-03
-76.2600E-09,-804.0200918913E-03
-75.6400E-09,-804.0200918913E-03
-75.0200E-09,-804.0200918913E-03
-74.4000E-09,-804.0200918913E-03
-73.7800E-09,-804.0200918913E-03
-73.1600E-09,-804.0200918913E-03
-72.5400E-09,-804.0200918913E-03
-71.9200E-09,-763.8190872967E-03
-71.3000E-09,-763.8190872967E-03
-70.6800E-09,-763.8190872967E-03
-70.0600E-09,-763.8190872967E-03
-69.4400E-09,-763.8190872967E-03
-68.8200E-09,-763.8190872967E-03
-68.2000E-09,-763.8190872967E-03
-67.5800E-09,-763.8190872967E-03
-66.9600E-09,-763.8190872967E-03
-66.3400E-09,-763.8190872967E-03
-65.7200E-09,-763.8190872967E-03
-65.1000E-09,-763.8190872967E-03
-64.4800E-09,-765.4271274801E-03
-63.8600E-09,-804.0200918913E-03
-63.2400E-09,-804.0200918913E-03
-62.6200E-09,-773.4673283998E-03
-62.0000E-09,-763.8190872967E-03
-61.3800E-09,-773.4673283990E-03
-60.7600E-09,-804.0200918913E-03
-60.1400E-09,-804.0200918913E-03
-59.5200E-09,-804.0200918913E-03
-58.9000E-09,-804.0200918913E-03
-58.2800E-09,-804.0200918913E-03
-57.6600E-09,-804.0200918913E-03
-57.0400E-09,-804.0200918913E-03
-56.4200E-09,-804.0200918913E-03
-55.8000E-09,-804.0200918913E-03
-55.1800E-09,-804.0200918913E-03
-54.5600E-09,-804.0200918913E-03
-53.9400E-09,-804.0200918913E-03
-53.3200E-09,-804.0200918913E-03
-52.7000E-09,-804.0200918913E-03
-52.0800E-09,-770.2512480323E-03
-51.4600E-09,-763.8190872967E-03
-50.8400E-09,-763.8190872967E-03
-50.2200E-09,-763.8190872967E-03
-49.6000E-09,-763.8190872967E-03
-48.9800E-09,-763.8190872967E-03
-48.3600E-09,-763.8190872967E-03
-47.7400E-09,-763.8190872967E-03
-47.1200E-09,-763.8190872967E-03
-46.5000E-09,-763.8190872967E-03
-45.8800E-09,-763.8190872967E-03
-45.2600E-09,-763.8190872967E-03
-44.6400E-09,-763.8190872967E-03
-44.0200E-09,-763.8190872967E-03
-43.4000E-09,-763.8190872967E-03
-42.7800E-09,-763.8190872967E-03
-42.1600E-09,-763.8190872967E-03
-41.5400E-09,-763.8190872967E-03
-40.9200E-09,-763.8190872967E-03
-40.3000E-09,-763.8190872967E-03
-39.6800E-09,-763.8190872967E-03
-39.0600E-09,-763.8190872967E-03
-38.4400E-09,-763.8190872967E-03
-37.8200E-09,-778.2914489504E-03
-37.2000E-09,-804.0200918913E-03
-36.5800E-09,-804.0200918913E-03
-35.9600E-09,-804.0200918913E-03
-35.3400E-09,-791.1557704214E-03
-34.7200E-09,-763.8190872967E-03
-34.1000E-09,-763.8190872967E-03
-33.4800E-09,-763.8190872967E-03
-32.8600E-09,-763.8190872967E-03
-32.2400E-09,-784.7236096855E-03
-31.6200E-09,-773.4673283998E-03
-31.0000E-09,-763.8190872967E-03
-30.3800E-09,-763.8190872967E-03
-29.7600E-09,-763.8190872967E-03
-29.1400E-09,-763.8190872967E-03
-28.5200E-09,-763.8190872967E-03
-27.9000E-09,-763.8190872967E-03
-27.2800E-09,-763.8190872967E-03
-26.6600E-09,-763.8190872967E-03
-26.0400E-09,-763.8190872967E-03
-25.4200E-09,-763.8190872967E-03
-24.8000E-09,-763.8190872967E-03
-24.1800E-09,-789.5477302368E-03
-23.5600E-09,-804.0200918913E-03
-22.9400E-09,-804.0200918913E-03
-22.3200E-09,-804.0200918913E-03
-21.7000E-09,-804.0200918913E-03
-21.0800E-09,-804.0200918913E-03
-20.4600E-09,-804.0200918913E-03
-19.8400E-09,-804.0200918913E-03
-19.2200E-09,-804.0200918913E-03
-18.6000E-09,-804.0200918913E-03
-17.9800E-09,-763.8190872967E-03
-17.3600E-09,-775.0753685828E-03
-16.7400E-09,-804.0200918913E-03
-16.1200E-09,-804.0200918913E-03
-15.5000E-09,-763.8190872971E-03
-14.8800E-09,-763.8190872967E-03
-14.2600E-09,-763.8190872967E-03
-13.6400E-09,-763.8190872967E-03
-13.0200E-09,-802.4120517071E-03
-12.4000E-09,-804.0200918913E-03
-11.7800E-09,-804.0200918913E-03
-11.1600E-09,-804.0200918913E-03
-10.5400E-09,-804.0200918913E-03
-9.9200E-09,-804.0200918913E-03
-9.3000E-09,-787.9396900539E-03
-8.6800E-09,-763.8190872967E-03
-8.0600E-09,-763.8190872967E-03
-7.4400E-09,-758.9949667458E-03
-6.8200E-09,-723.6180827022E-03
-6.2000E-09,-699.4974799458E-03
-5.5800E-09,-683.4170781076E-03
-4.9600E-09,-636.7839127787E-03
-4.3400E-09,-549.9497428540E-03
-3.7200E-09,-477.5879345842E-03
-3.1000E-09,-377.8894431897E-03
-2.4800E-09,-276.5829116118E-03
-1.8600E-09,-127.0351745200E-03
-1.2400E-09,+43.4170849605E-03
-620.0E-12,+212.2613042581E-03
-0.0E+00,+442.2110505382E-03
+620.0E-12,+641.6080333276E-03
+1.2400E-09,+860.3014983217E-03
+1.8600E-09,+1.1095477268080E+00
+2.4800E-09,+1.3202009908839E+00
+3.1000E-09,+1.5276381745915E+00
+3.7200E-09,+1.7591959610565E+00
+4.3400E-09,+1.9312562607217E+00
+4.9600E-09,+2.0808039978134E+00
+5.5800E-09,+2.1901507303107E+00
+6.2000E-09,+2.3075376637276E+00
+6.8200E-09,+2.3831155523650E+00
+7.4400E-09,+2.4474371597167E+00
+8.0600E-09,+2.4924622848630E+00
+8.6800E-09,+2.5069346465166E+00
+9.3000E-09,+2.5567838922139E+00
+9.9200E-09,+2.5728642940521E+00
+10.5400E-09,+2.6130652986467E+00
+11.1600E-09,+2.6130652986467E+00
+11.7800E-09,+2.6130652986467E+00
+12.4000E-09,+2.6452261023219E+00
+13.0200E-09,+2.6548743434246E+00
+13.6400E-09,+2.6934673078358E+00
+14.2600E-09,+2.6934673078358E+00
+14.8800E-09,+2.6934673078358E+00
+15.5000E-09,+2.6934673078358E+00
+16.1200E-09,+2.7336683124304E+00
+16.7400E-09,+2.7336683124304E+00
+17.3600E-09,+2.7336683124304E+00
+17.9800E-09,+2.7336683124304E+00
+18.6000E-09,+2.7336683124304E+00
+19.2200E-09,+2.7336683124304E+00
+19.8400E-09,+2.7610049955543E+00
+20.4600E-09,+2.7738693170250E+00
+21.0800E-09,+2.7738693170250E+00
+21.7000E-09,+2.7738693170250E+00
+22.3200E-09,+2.7738693170250E+00
+22.9400E-09,+2.7738693170250E+00
+23.5600E-09,+2.7738693170250E+00
+24.1800E-09,+2.7738693170250E+00
+24.8000E-09,+2.7738693170250E+00
+25.4200E-09,+2.7401004731659E+00
+26.0400E-09,+2.7368843927975E+00
+26.6600E-09,+2.7738693170250E+00
+27.2800E-09,+2.7738693170250E+00
+27.9000E-09,+2.7738693170250E+00
+28.5200E-09,+2.7738693170250E+00
+29.1400E-09,+2.7738693170250E+00
+29.7600E-09,+2.7738693170250E+00
+30.3800E-09,+2.7738693170250E+00
+31.0000E-09,+2.7738693170250E+00
+31.6200E-09,+2.7738693170250E+00
+32.2400E-09,+2.7738693170250E+00
+32.8600E-09,+2.7738693170250E+00
+33.4800E-09,+2.7738693170250E+00
+34.1000E-09,+2.8140703216195E+00
+34.7200E-09,+2.8140703216195E+00
+35.3400E-09,+2.8140703216195E+00
+35.9600E-09,+2.8140703216195E+00
+36.5800E-09,+2.8140703216195E+00
+37.2000E-09,+2.8140703216195E+00
+37.8200E-09,+2.8140703216195E+00
+38.4400E-09,+2.8140703216195E+00
+39.0600E-09,+2.8140703216195E+00
+39.6800E-09,+2.8140703216195E+00
+40.3000E-09,+2.8140703216195E+00
+40.9200E-09,+2.8140703216195E+00
+41.5400E-09,+2.8140703216195E+00
+42.1600E-09,+2.8140703216195E+00
+42.7800E-09,+2.7915577590470E+00
+43.4000E-09,+2.7738693170250E+00
+44.0200E-09,+2.7320602722470E+00
+44.6400E-09,+2.6822110265497E+00
+45.2600E-09,+2.6323617808525E+00
+45.8800E-09,+2.5825125351552E+00
+46.5000E-09,+2.4924622848638E+00
+47.1200E-09,+2.3831155523670E+00
+47.7400E-09,+2.2335678152752E+00
+48.3600E-09,+2.0840200781834E+00
+48.9800E-09,+1.9344723410916E+00
+49.6000E-09,+1.7366833984868E+00
+50.2200E-09,+1.5372864156977E+00
+50.8400E-09,+1.3105527497848E+00
+51.4600E-09,+1.0982914455251E+00
+52.0800E-09,+892.4623020013E-03
+52.7000E-09,+659.2964753525E-03
+53.3200E-09,+485.6281355035E-03
+53.9400E-09,+300.7035143689E-03
+54.5600E-09,+106.1306521308E-03
+55.1800E-09,-28.9447233073E-03
+55.8000E-09,-128.6432147018E-03
+56.4200E-09,-228.3417060963E-03
+57.0400E-09,-324.8241171237E-03
+57.6600E-09,-361.8090413511E-03
+58.2800E-09,-384.3216039236E-03
+58.9000E-09,-434.1708496209E-03
+59.5200E-09,-442.2110505402E-03
+60.1400E-09,-442.2110505402E-03
+60.7600E-09,-463.1155729290E-03
+61.3800E-09,-482.4120551348E-03
+62.0000E-09,-522.6130597289E-03
+62.6200E-09,-532.2613008316E-03
+63.2400E-09,-562.8140643239E-03
+63.8600E-09,-562.8140643239E-03
+64.4800E-09,-601.4070287343E-03
+65.1000E-09,-603.0150689185E-03
+65.7200E-09,-603.0150689185E-03
+66.3400E-09,-630.3517520424E-03
+66.9600E-09,-643.2160735130E-03
+67.5800E-09,-636.7839127783E-03
+68.2000E-09,-603.0150689185E-03
+68.8200E-09,-603.0150689185E-03
+69.4400E-09,-603.0150689185E-03
+70.0600E-09,-607.8391894694E-03
+70.6800E-09,-643.2160735130E-03
+71.3000E-09,-643.2160735130E-03
+71.9200E-09,-643.2160735130E-03
+72.5400E-09,-643.2160735130E-03
+73.1600E-09,-656.0803949829E-03
+73.7800E-09,-683.4170781076E-03
+74.4000E-09,-683.4170781076E-03
+75.0200E-09,-683.4170781076E-03
+75.6400E-09,-683.4170781076E-03
+76.2600E-09,-683.4170781076E-03
+76.8800E-09,-683.4170781076E-03
+77.5000E-09,-683.4170781076E-03
+78.1200E-09,-683.4170781076E-03
+78.7400E-09,-683.4170781076E-03
+79.3600E-09,-683.4170781076E-03
+79.9800E-09,-644.8241136972E-03
+80.6000E-09,-643.2160735130E-03
+81.2200E-09,-643.2160735130E-03
+81.8400E-09,-643.2160735130E-03
+82.4600E-09,-643.2160735130E-03
+83.0800E-09,-643.2160735130E-03
+83.7000E-09,-643.2160735130E-03
+84.3200E-09,-643.2160735130E-03
+84.9400E-09,-678.5929575559E-03
+85.5600E-09,-683.4170781076E-03
+86.1800E-09,-683.4170781076E-03
+86.8000E-09,-683.4170781076E-03
+87.4200E-09,-683.4170781076E-03
+88.0400E-09,-683.4170781076E-03
+88.6600E-09,-683.4170781076E-03
+89.2800E-09,-683.4170781076E-03
+89.9000E-09,-683.4170781076E-03
+90.5200E-09,-683.4170781076E-03
+91.1400E-09,-683.4170781076E-03
+91.7600E-09,-683.4170781076E-03
+92.3800E-09,-683.4170781076E-03
+93.0000E-09,-683.4170781076E-03
+93.6200E-09,-643.2160735130E-03
+94.2400E-09,-643.2160735130E-03
+94.8600E-09,-643.2160735130E-03
+95.4800E-09,-681.8090379234E-03
+96.1000E-09,-683.4170781076E-03
+96.7200E-09,-683.4170781076E-03
+97.3400E-09,-683.4170781076E-03
+97.9600E-09,-683.4170781076E-03
+98.5800E-09,-683.4170781076E-03
+99.2000E-09,-683.4170781076E-03
+99.8200E-09,-683.4170781076E-03
+100.4400E-09,-683.4170781076E-03
+101.0600E-09,-683.4170781076E-03
+101.6800E-09,-683.4170781076E-03
+102.3000E-09,-683.4170781076E-03
+102.9200E-09,-683.4170781076E-03
+103.5400E-09,-683.4170781076E-03
+104.1600E-09,-683.4170781076E-03
+104.7800E-09,-683.4170781076E-03
+105.4000E-09,-683.4170781076E-03
+106.0200E-09,-683.4170781076E-03
+106.6400E-09,-683.4170781076E-03
+107.2600E-09,-683.4170781076E-03
+107.8800E-09,-713.9698415991E-03
+108.5000E-09,-723.6180827022E-03
+109.1200E-09,-723.6180827022E-03
+109.7400E-09,-723.6180827022E-03
+110.3600E-09,-723.6180827022E-03
+110.9800E-09,-723.6180827022E-03
+111.6000E-09,-723.6180827022E-03
+112.2200E-09,-723.6180827022E-03
+112.8400E-09,-723.6180827022E-03
+113.4600E-09,-723.6180827022E-03
+114.0800E-09,-683.4170781076E-03
+114.7000E-09,-683.4170781076E-03
+115.3200E-09,-683.4170781076E-03
+115.9400E-09,-683.4170781076E-03
+116.5600E-09,-688.2411986586E-03
+117.1800E-09,-723.6180827022E-03
+117.8000E-09,-723.6180827022E-03
+118.4200E-09,-723.6180827022E-03
+119.0400E-09,-723.6180827022E-03
+119.6600E-09,-723.6180827022E-03
+120.2800E-09,-723.6180827022E-03
+120.9000E-09,-723.6180827022E-03
+121.5200E-09,-723.6180827022E-03
+122.1400E-09,-723.6180827022E-03
+122.7600E-09,-723.6180827022E-03
+123.3800E-09,-693.0653192107E-03
+124.0000E-09,-683.4170781076E-03
+124.6200E-09,-683.4170781076E-03
+125.2400E-09,-683.4170781076E-03
+125.8600E-09,-683.4170781076E-03
+126.4800E-09,-722.0100425180E-03
+127.1000E-09,-723.6180827022E-03
+127.7200E-09,-723.6180827022E-03
+128.3400E-09,-723.6180827022E-03
+128.9600E-09,-723.6180827022E-03
+129.5800E-09,-763.8190872967E-03
+130.2000E-09,-763.8190872967E-03
+130.8200E-09,-738.0904443566E-03
+131.4400E-09,-723.6180827022E-03
+132.0600E-09,-723.6180827022E-03
+132.6800E-09,-723.6180827022E-03
+133.3000E-09,-723.6180827022E-03
+133.9200E-09,-723.6180827022E-03
+134.5400E-09,-723.6180827022E-03
+135.1600E-09,-723.6180827022E-03
+135.7800E-09,-723.6180827022E-03
+136.4000E-09,-723.6180827022E-03
+137.0200E-09,-723.6180827022E-03
+137.6400E-09,-723.6180827022E-03
+138.2600E-09,-723.6180827022E-03
+138.8800E-09,-723.6180827022E-03
+139.5000E-09,-723.6180827022E-03
+140.1200E-09,-723.6180827022E-03
+140.7400E-09,-723.6180827022E-03
+141.3600E-09,-694.6733593945E-03
+141.9800E-09,-683.4170781076E-03
+142.6000E-09,-683.4170781076E-03
+143.2200E-09,-683.4170781076E-03
+143.8400E-09,-683.4170781076E-03
+144.4600E-09,-683.4170781076E-03
+145.0800E-09,-683.4170781076E-03
+145.7000E-09,-683.4170781076E-03
+146.3200E-09,-683.4170781076E-03
+146.9400E-09,-683.4170781076E-03
+147.5600E-09,-688.2411986585E-03
+148.1800E-09,-723.6180827022E-03
+148.8000E-09,-723.6180827022E-03
+149.4200E-09,-723.6180827022E-03
+150.0400E-09,-723.6180827022E-03
+150.6600E-09,-723.6180827022E-03
+151.2800E-09,-723.6180827022E-03
+151.9000E-09,-723.6180827022E-03
+152.5200E-09,-723.6180827022E-03
+153.1400E-09,-723.6180827022E-03
+153.7600E-09,-723.6180827022E-03
+154.3800E-09,-693.0653192107E-03
+155.0000E-09,-683.4170781076E-03
+155.6200E-09,-723.6180827022E-03
+156.2400E-09,-723.6180827022E-03
+156.8600E-09,-723.6180827022E-03
+157.4800E-09,-723.6180827022E-03
+158.1000E-09,-723.6180827022E-03
+158.7200E-09,-723.6180827022E-03
+159.3400E-09,-723.6180827022E-03
+159.9600E-09,-723.6180827022E-03
+160.5800E-09,-723.6180827022E-03
+161.2000E-09,-723.6180827022E-03
+161.8200E-09,-723.6180827022E-03
+162.4400E-09,-723.6180827022E-03
+163.0600E-09,-728.4422032531E-03
+163.6800E-09,-763.8190872967E-03
+164.3000E-09,-763.8190872967E-03
+164.9200E-09,-763.8190872967E-03
+165.5400E-09,-723.6180827022E-03
+166.1600E-09,-723.6180827022E-03
+166.7800E-09,-723.6180827022E-03
+167.4000E-09,-723.6180827022E-03
+168.0200E-09,-723.6180827022E-03
+168.6400E-09,-723.6180827022E-03
+169.2600E-09,-723.6180827022E-03
+169.8800E-09,-723.6180827022E-03
+170.5000E-09,-723.6180827022E-03
+171.1200E-09,-723.6180827022E-03
+171.7400E-09,-723.6180827022E-03
+172.3600E-09,-723.6180827022E-03
+172.9800E-09,-723.6180827022E-03
+173.6000E-09,-723.6180827022E-03
+174.2200E-09,-723.6180827022E-03
+174.8400E-09,-723.6180827022E-03
+175.4600E-09,-723.6180827022E-03
+176.0800E-09,-723.6180827022E-03
+176.7000E-09,-723.6180827022E-03
+177.3200E-09,-723.6180827022E-03
+177.9400E-09,-723.6180827022E-03
+178.5600E-09,-723.6180827022E-03
+179.1800E-09,-723.6180827022E-03
+179.8000E-09,-723.6180827022E-03
+180.4200E-09,-723.6180827022E-03
+181.0400E-09,-726.8341630692E-03
+181.6600E-09,-763.8190872967E-03
+182.2800E-09,-763.8190872967E-03
+182.9000E-09,-763.8190872967E-03
+183.5200E-09,-763.8190872967E-03
+184.1400E-09,-763.8190872967E-03
+184.7600E-09,-763.8190872967E-03
+185.3800E-09,-733.2663238053E-03
+186.0000E-09,-723.6180827022E-03
+186.6200E-09,-723.6180827022E-03
+187.2400E-09,-723.6180827022E-03
+187.8600E-09,-723.6180827022E-03
+188.4800E-09,-723.6180827022E-03
+189.1000E-09,-723.6180827022E-03
+189.7200E-09,-723.6180827022E-03
+190.3400E-09,-723.6180827022E-03
+190.9600E-09,-723.6180827022E-03
+191.5800E-09,-723.6180827022E-03
+192.2000E-09,-723.6180827022E-03
+192.8200E-09,-723.6180827022E-03
+193.4400E-09,-758.9949667449E-03
+194.0600E-09,-763.8190872967E-03
+194.6800E-09,-749.3467256432E-03
+195.3000E-09,-723.6180827022E-03
+195.9200E-09,-723.6180827022E-03
+196.5400E-09,-723.6180827022E-03
+197.1600E-09,-723.6180827022E-03
+197.7800E-09,-723.6180827022E-03
+198.4000E-09,-755.7788863773E-03
+199.0200E-09,-763.8190872967E-03
+199.6400E-09,-763.8190872967E-03
+200.2600E-09,-763.8190872967E-03
+200.8800E-09,-763.8190872967E-03
+201.5000E-09,-723.6180827027E-03
+202.1200E-09,-723.6180827022E-03
+202.7400E-09,-723.6180827022E-03
+203.3600E-09,-723.6180827022E-03
+203.9800E-09,-723.6180827022E-03
+204.6000E-09,-723.6180827022E-03
+205.2200E-09,-723.6180827022E-03
+205.8400E-09,-723.6180827022E-03
+206.4600E-09,-723.6180827022E-03
+207.0800E-09,-723.6180827022E-03
+207.7000E-09,-739.6984845395E-03
+208.3200E-09,-763.8190872967E-03
+208.9400E-09,-763.8190872967E-03
+209.5600E-09,-763.8190872967E-03
+210.1800E-09,-763.8190872967E-03
+210.8000E-09,-763.8190872967E-03
+211.4200E-09,-763.8190872967E-03
+212.0400E-09,-763.8190872967E-03
+212.6600E-09,-763.8190872967E-03
+213.2800E-09,-741.3065247243E-03
+213.9000E-09,-723.6180827022E-03
+214.5200E-09,-723.6180827022E-03
+215.1400E-09,-723.6180827022E-03
+215.7600E-09,-723.6180827022E-03
+216.3800E-09,-723.6180827022E-03
+217.0000E-09,-683.4170781081E-03
+217.6200E-09,-723.6180827022E-03
+218.2400E-09,-723.6180827022E-03
+218.8600E-09,-723.6180827022E-03
+219.4800E-09,-723.6180827022E-03
+220.1000E-09,-723.6180827022E-03
+220.7200E-09,-741.3065247232E-03
+221.3400E-09,-763.8190872967E-03
+221.9600E-09,-763.8190872967E-03
+222.5800E-09,-763.8190872967E-03
+223.2000E-09,-763.8190872967E-03
+223.8200E-09,-763.8190872967E-03
+224.4400E-09,-763.8190872967E-03
+225.0600E-09,-758.9949667459E-03
+225.6800E-09,-723.6180827022E-03
+226.3000E-09,-723.6180827022E-03
+226.9200E-09,-723.6180827022E-03
+227.5400E-09,-723.6180827022E-03
+228.1600E-09,-723.6180827022E-03
+228.7800E-09,-723.6180827022E-03
+229.4000E-09,-723.6180827022E-03
+230.0200E-09,-725.2261228854E-03
+230.6400E-09,-763.8190872967E-03
+231.2600E-09,-763.8190872967E-03
+231.8800E-09,-763.8190872967E-03
+232.5000E-09,-763.8190872967E-03
+233.1200E-09,-763.8190872967E-03
+233.7400E-09,-763.8190872967E-03
+234.3600E-09,-763.8190872967E-03
+234.9800E-09,-763.8190872967E-03
+235.6000E-09,-763.8190872967E-03
+236.2200E-09,-763.8190872967E-03
+236.8400E-09,-763.8190872967E-03
+237.4600E-09,-726.8341630703E-03
+238.0800E-09,-730.0502434367E-03
+238.7000E-09,-763.8190872967E-03
+239.3200E-09,-763.8190872967E-03
+239.9400E-09,-763.8190872967E-03
+240.5600E-09,-763.8190872967E-03
+241.1800E-09,-763.8190872967E-03
+241.8000E-09,-763.8190872967E-03
+242.4200E-09,-763.8190872967E-03
+243.0400E-09,-763.8190872967E-03
+243.6600E-09,-750.9547658270E-03
+244.2800E-09,-723.6180827022E-03
+244.9000E-09,-723.6180827022E-03
+245.5200E-09,-723.6180827022E-03
+246.1400E-09,-723.6180827022E-03
+246.7600E-09,-744.5226050908E-03
+247.3800E-09,-733.2663238054E-03
+248.0000E-09,-723.6180827022E-03
+248.6200E-09,-723.6180827022E-03
+249.2400E-09,-723.6180827022E-03
+249.8600E-09,-752.5628060097E-03
+250.4800E-09,-763.8190872967E-03
+251.1000E-09,-755.7788863783E-03
+251.7200E-09,-723.6180827022E-03
+252.3400E-09,-750.9547658259E-03
+252.9600E-09,-763.8190872967E-03
+253.5800E-09,-763.8190872967E-03
+254.2000E-09,-763.8190872967E-03
+254.8200E-09,-738.0904443567E-03
+255.4400E-09,-723.6180827022E-03
+256.0600E-09,-723.6180827022E-03
+256.6800E-09,-723.6180827022E-03
+257.3000E-09,-723.6180827022E-03
+257.9200E-09,-723.6180827022E-03
+258.5400E-09,-723.6180827022E-03
+259.1600E-09,-723.6180827022E-03
+259.7800E-09,-723.6180827022E-03
+260.4000E-09,-723.6180827022E-03
+261.0200E-09,-723.6180827022E-03
+261.6400E-09,-723.6180827022E-03
+262.2600E-09,-744.5226050908E-03
+262.8800E-09,-763.8190872967E-03
+263.5000E-09,-763.8190872967E-03
+264.1200E-09,-763.8190872967E-03
+264.7400E-09,-763.8190872967E-03
+265.3600E-09,-763.8190872967E-03
+265.9800E-09,-763.8190872967E-03
+266.6000E-09,-763.8190872967E-03
+267.2200E-09,-763.8190872967E-03
+267.8400E-09,-763.8190872967E-03
+268.4600E-09,-763.8190872967E-03
+269.0800E-09,-763.8190872967E-03
+269.7000E-09,-747.7386854594E-03
+270.3200E-09,-723.6180827022E-03
+270.9400E-09,-758.9949667449E-03
+271.5600E-09,-763.8190872967E-03
+272.1800E-09,-763.8190872967E-03
+272.8000E-09,-763.8190872967E-03
+273.4200E-09,-763.8190872967E-03
+274.0400E-09,-763.8190872967E-03
+274.6600E-09,-763.8190872967E-03
+275.2800E-09,-763.8190872967E-03
+275.9000E-09,-763.8190872967E-03
+276.5200E-09,-763.8190872967E-03
+277.1400E-09,-763.8190872967E-03
+277.7600E-09,-763.8190872967E-03
+278.3800E-09,-763.8190872967E-03
+279.0000E-09,-763.8190872967E-03
+279.6200E-09,-763.8190872967E-03
+280.2400E-09,-763.8190872967E-03
+280.8600E-09,-763.8190872967E-03
+281.4800E-09,-763.8190872967E-03
+282.1000E-09,-763.8190872967E-03
+282.7200E-09,-763.8190872967E-03
+283.3400E-09,-763.8190872967E-03
+283.9600E-09,-763.8190872967E-03
+284.5800E-09,-763.8190872967E-03
+285.2000E-09,-763.8190872967E-03
+285.8200E-09,-763.8190872967E-03
+286.4400E-09,-728.4422032540E-03
+287.0600E-09,-723.6180827022E-03
+287.6800E-09,-723.6180827022E-03
+288.3000E-09,-723.6180827022E-03
+288.9200E-09,-723.6180827022E-03
+289.5400E-09,-723.6180827022E-03
+290.1600E-09,-710.7537612324E-03
+290.7800E-09,-683.4170781076E-03
+291.4000E-09,-715.5778817828E-03
+292.0200E-09,-723.6180827022E-03
+292.6400E-09,-723.6180827022E-03
+293.2600E-09,-723.6180827022E-03
+293.8800E-09,-723.6180827022E-03
+294.5000E-09,-763.8190872963E-03
+295.1200E-09,-763.8190872967E-03
+295.7400E-09,-763.8190872967E-03
+296.3600E-09,-763.8190872967E-03
+296.9800E-09,-763.8190872967E-03
+297.6000E-09,-755.7788863783E-03
+298.2200E-09,-723.6180827022E-03
+298.8400E-09,-723.6180827022E-03
+299.4600E-09,-723.6180827022E-03
+300.0800E-09,-723.6180827022E-03
+300.7000E-09,-723.6180827022E-03
+301.3200E-09,-723.6180827022E-03
+301.9400E-09,-758.9949667449E-03
+302.5600E-09,-763.8190872967E-03
+303.1800E-09,-763.8190872967E-03
+303.8000E-09,-763.8190872967E-03
+304.4200E-09,-797.5879311557E-03
+305.0400E-09,-807.2361722584E-03
+305.6600E-09,-844.2210964859E-03
+306.2800E-09,-866.7336590584E-03
+306.9000E-09,-916.5829047556E-03
+307.5200E-09,-966.4321504529E-03
+308.1400E-09,-1.0162813961502E+00
+308.7600E-09,-1.0870351642362E+00
+309.3800E-09,-1.1561808921392E+00
+310.0000E-09,-1.2462311424307E+00
+310.6200E-09,-1.3459296338252E+00
+311.2400E-09,-1.4456281252197E+00
+311.8600E-09,-1.5453266166142E+00
+312.4800E-09,-1.6450251080087E+00
+313.1000E-09,-1.7447235994033E+00
+313.7200E-09,-1.8444220907978E+00
+314.3400E-09,-1.9441205821923E+00
+314.9600E-09,-2.0438190735868E+00
+315.5800E-09,-2.1033165603868E+00
+316.2000E-09,-2.1869346499439E+00
+316.8200E-09,-2.2625125385813E+00
+317.4400E-09,-2.3268341459330E+00
+318.0600E-09,-2.4168843962248E+00
+318.6800E-09,-2.4667336419221E+00
+319.3000E-09,-2.5165828876193E+00
+319.9200E-09,-2.5326632894576E+00
+320.5400E-09,-2.5760803744193E+00
+321.1600E-09,-2.6259296201166E+00
+321.7800E-09,-2.6532663032413E+00
+322.4000E-09,-2.6854271069165E+00
+323.0200E-09,-2.6950753480192E+00
+323.6400E-09,-2.7336683124304E+00
+324.2600E-09,-2.7336683124304E+00
+324.8800E-09,-2.7642210759219E+00
+325.5000E-09,-2.7738693170250E+00
+326.1200E-09,-2.7835175581273E+00
+326.7400E-09,-2.8140703216195E+00
+327.3600E-09,-2.8140703216195E+00
+327.9800E-09,-2.8140703216195E+00
+328.6000E-09,-2.8221105225380E+00
+329.2200E-09,-2.8542713262141E+00
+329.8400E-09,-2.8542713262141E+00
+330.4600E-09,-2.8542713262141E+00
+331.0800E-09,-2.8542713262141E+00
+331.7000E-09,-2.8542713262141E+00
+332.3200E-09,-2.8799999691542E+00
+332.9400E-09,-2.8944723308086E+00
+333.5600E-09,-2.8992964513596E+00
+334.1800E-09,-2.9346733354032E+00
+334.8000E-09,-2.9346733354032E+00
+335.4200E-09,-2.9684421792623E+00
+336.0400E-09,-2.9748743399978E+00
+336.6600E-09,-2.9748743399978E+00
+337.2800E-09,-2.9748743399978E+00
+337.9000E-09,-2.9748743399978E+00
+338.5200E-09,-2.9748743399978E+00
+339.1400E-09,-2.9748743399978E+00
+339.7600E-09,-2.9748743399978E+00
+340.3800E-09,-2.9748743399978E+00
+341.0000E-09,-2.9748743399978E+00
+341.6200E-09,-2.9748743399978E+00
+342.2400E-09,-2.9941708222028E+00
+342.8600E-09,-3.0150753445923E+00
+343.4800E-09,-3.0150753445923E+00
+344.1000E-09,-3.0150753445923E+00
+344.7200E-09,-3.0150753445923E+00
+345.3400E-09,-3.0150753445923E+00
+345.9600E-09,-3.0150753445923E+00
+346.5800E-09,-3.0150753445923E+00
+347.2000E-09,-3.0150753445923E+00
+347.8200E-09,-3.0150753445923E+00
+348.4400E-09,-3.0504522286352E+00
+349.0600E-09,-3.0552763491869E+00
+349.6800E-09,-3.0552763491869E+00
+350.3000E-09,-3.0552763491869E+00
+350.9200E-09,-3.0890451930460E+00
+351.5400E-09,-3.0552763491869E+00
+352.1600E-09,-3.0552763491869E+00
+352.7800E-09,-3.0552763491869E+00
+353.4000E-09,-3.0552763491869E+00
+354.0200E-09,-3.0536683090035E+00
+354.6400E-09,-3.0150753445923E+00
+355.2600E-09,-2.9941708222035E+00
+355.8800E-09,-2.9748743399978E+00
+356.5000E-09,-2.9346733354035E+00
+357.1200E-09,-2.9250250943009E+00
+357.7400E-09,-2.8558793663985E+00
+358.3600E-09,-2.7851255983118E+00
+358.9800E-09,-2.7352763526145E+00
+359.6000E-09,-2.6452261023227E+00
+360.2200E-09,-2.5776884146041E+00
+360.8400E-09,-2.4779899232096E+00
+361.4600E-09,-2.3782914318151E+00
+362.0800E-09,-2.2785929404206E+00
+362.7000E-09,-2.1788944490260E+00
+363.3200E-09,-2.1049246005717E+00
+363.9400E-09,-2.0196984708316E+00
+364.5600E-09,-1.9199999794370E+00
+365.1800E-09,-1.8347738496962E+00
+365.8000E-09,-1.7608040012426E+00
+366.4200E-09,-1.6948743537072E+00
+367.0400E-09,-1.6048241034153E+00
+367.6600E-09,-1.5549748577181E+00
+368.2800E-09,-1.5051256120208E+00
+368.9000E-09,-1.4552763663235E+00
+369.5200E-09,-1.4054271206263E+00
+370.1400E-09,-1.3555778749290E+00
+370.7600E-09,-1.3057286292318E+00
+371.3800E-09,-1.2864321470261E+00
+372.0000E-09,-1.2462311424318E+00
+372.6200E-09,-1.2060301378369E+00
+373.2400E-09,-1.2060301378369E+00
+373.8600E-09,-1.1770854145292E+00
+374.4800E-09,-1.1658291332424E+00
+375.1000E-09,-1.1658291332424E+00
+375.7200E-09,-1.1658291332424E+00
+376.3400E-09,-1.1384924501184E+00
+376.9600E-09,-1.1256281286478E+00
+377.5800E-09,-1.1256281286478E+00
+378.2000E-09,-1.1256281286478E+00
+378.8200E-09,-1.1256281286478E+00
+379.4400E-09,-1.0902512446049E+00
+380.0600E-09,-1.0854271240532E+00
+380.6800E-09,-1.0854271240532E+00
+381.3000E-09,-1.0854271240532E+00
+381.9200E-09,-1.0854271240532E+00
+382.5400E-09,-1.0854271240532E+00
+383.1600E-09,-1.0725628025833E+00
+383.7800E-09,-1.0452261194587E+00
+384.4000E-09,-1.0452261194587E+00
+385.0200E-09,-1.0436180792752E+00
+385.6400E-09,-1.0050251148641E+00
+386.2600E-09,-1.0050251148641E+00
+386.8800E-09,-1.0050251148641E+00
+387.5000E-09,-1.0050251148641E+00
+388.1200E-09,-1.0050251148641E+00
+388.7400E-09,-1.0050251148641E+00
+389.3600E-09,-1.0050251148641E+00
+389.9800E-09,-1.0050251148641E+00
+390.6000E-09,-1.0050251148641E+00
+391.2200E-09,-1.0050251148641E+00
+391.8400E-09,-1.0050251148641E+00
+392.4600E-09,-968.0401906374E-03
+393.0800E-09,-964.8241102695E-03
+393.7000E-09,-964.8241102695E-03
+394.3200E-09,-964.8241102695E-03
+394.9400E-09,-964.8241102695E-03
+395.5600E-09,-964.8241102695E-03
+396.1800E-09,-964.8241102695E-03
+396.8000E-09,-964.8241102695E-03
+397.4200E-09,-964.8241102695E-03
+398.0400E-09,-964.8241102695E-03
+398.6600E-09,-964.8241102695E-03
+399.2800E-09,-964.8241102695E-03
+399.9000E-09,-964.8241102695E-03
+400.5200E-09,-963.2160700860E-03
+401.1400E-09,-924.6231056750E-03
+401.7600E-09,-924.6231056750E-03
+402.3800E-09,-924.6231056750E-03
+403.0000E-09,-924.6231056750E-03
+403.6200E-09,-884.4221010804E-03
+404.2400E-09,-884.4221010804E-03
+404.8600E-09,-884.4221010804E-03
+405.4800E-09,-884.4221010804E-03
+406.1000E-09,-884.4221010804E-03
+406.7200E-09,-884.4221010804E-03
+407.3400E-09,-884.4221010804E-03
+407.9600E-09,-921.4070253072E-03
+408.5800E-09,-924.6231056750E-03
+409.2000E-09,-924.6231056750E-03
+409.8200E-09,-924.6231056750E-03
+410.4400E-09,-924.6231056750E-03
+411.0600E-09,-924.6231056750E-03
+411.6800E-09,-924.6231056750E-03
+412.3000E-09,-924.6231056750E-03
+412.9200E-09,-924.6231056750E-03
+413.5400E-09,-884.4221010804E-03
+414.1600E-09,-884.4221010804E-03
+414.7800E-09,-884.4221010804E-03
+415.4000E-09,-884.4221010804E-03
+416.0200E-09,-884.4221010804E-03
+416.6400E-09,-884.4221010804E-03
+417.2600E-09,-884.4221010804E-03
+417.8800E-09,-884.4221010804E-03
+418.5000E-09,-924.6231056748E-03
+419.1200E-09,-924.6231056750E-03
+419.7400E-09,-924.6231056750E-03
+420.3600E-09,-924.6231056750E-03
+420.9800E-09,-886.0301412644E-03
+421.6000E-09,-884.4221010804E-03
+422.2200E-09,-884.4221010804E-03
+422.8400E-09,-884.4221010804E-03
+423.4600E-09,-884.4221010804E-03
+424.0800E-09,-844.2210964859E-03
+424.7000E-09,-844.2210964859E-03
+425.3200E-09,-844.2210964859E-03
+425.9400E-09,-844.2210964859E-03
+426.5600E-09,-844.2210964859E-03
+427.1800E-09,-858.6934581397E-03
+427.8000E-09,-884.4221010804E-03
+428.4200E-09,-884.4221010804E-03
+429.0400E-09,-884.4221010804E-03
+429.6600E-09,-884.4221010804E-03
+430.2800E-09,-884.4221010804E-03
+430.9000E-09,-884.4221010804E-03
+431.5200E-09,-884.4221010804E-03
+432.1400E-09,-884.4221010804E-03
+432.7600E-09,-884.4221010804E-03
+433.3800E-09,-884.4221010804E-03
+434.0000E-09,-884.4221010804E-03
+434.6200E-09,-884.4221010804E-03
+435.2400E-09,-884.4221010804E-03
+435.8600E-09,-855.4773777725E-03
+436.4800E-09,-882.8140608965E-03
+437.1000E-09,-884.4221010804E-03
+437.7200E-09,-866.7336590590E-03
+438.3400E-09,-844.2210964859E-03
+438.9600E-09,-844.2210964859E-03
+439.5800E-09,-844.2210964859E-03
+440.2000E-09,-844.2210964859E-03
+440.8200E-09,-844.2210964859E-03
+441.4400E-09,-844.2210964859E-03
+442.0600E-09,-844.2210964859E-03
+442.6800E-09,-844.2210964859E-03
+443.3000E-09,-844.2210964859E-03
+443.9200E-09,-844.2210964859E-03
+444.5400E-09,-844.2210964859E-03
+445.1600E-09,-844.2210964859E-03
+445.7800E-09,-844.2210964859E-03
+446.4000E-09,-844.2210964859E-03
+447.0200E-09,-844.2210964859E-03
+447.6400E-09,-844.2210964859E-03
+448.2600E-09,-844.2210964859E-03
+448.8800E-09,-844.2210964859E-03
+449.5000E-09,-844.2210964859E-03
+450.1200E-09,-844.2210964859E-03
+450.7400E-09,-844.2210964859E-03
+451.3600E-09,-844.2210964859E-03
+451.9800E-09,-844.2210964859E-03
+452.6000E-09,-852.2612974046E-03
+453.2200E-09,-884.4221010804E-03
+453.8400E-09,-884.4221010804E-03
+454.4600E-09,-884.4221010804E-03
+455.0800E-09,-884.4221010804E-03
+455.7000E-09,-884.4221010804E-03
+456.3200E-09,-884.4221010804E-03
+456.9400E-09,-849.0452170373E-03
+457.5600E-09,-844.2210964859E-03
+458.1800E-09,-829.7487348320E-03
+458.8000E-09,-804.0200918913E-03
+459.4200E-09,-804.0200918913E-03
+460.0400E-09,-844.2210964859E-03
+460.6600E-09,-831.3567750157E-03
+461.2800E-09,-804.0200918913E-03
+461.9000E-09,-804.0200918913E-03
+462.5200E-09,-844.2210964859E-03
+463.1400E-09,-844.2210964859E-03
+463.7600E-09,-844.2210964859E-03
+464.3800E-09,-844.2210964859E-03
+465.0000E-09,-844.2210964859E-03
+465.6200E-09,-804.0200918913E-03
+466.2400E-09,-804.0200918913E-03
+466.8600E-09,-832.9648151993E-03
+467.4800E-09,-805.6281320752E-03
+468.1000E-09,-804.0200918913E-03
+468.7200E-09,-804.0200918913E-03
+469.3400E-09,-804.0200918913E-03
+469.9600E-09,-841.0050161182E-03
+470.5800E-09,-844.2210964859E-03
+471.2000E-09,-844.2210964859E-03
+471.8200E-09,-844.2210964859E-03
+472.4400E-09,-844.2210964859E-03
+473.0600E-09,-844.2210964859E-03
+473.6800E-09,-844.2210964859E-03
+474.3000E-09,-844.2210964859E-03
+474.9200E-09,-844.2210964859E-03
+475.5400E-09,-844.2210964859E-03
+476.1600E-09,-844.2210964859E-03
+476.7800E-09,-821.7085339130E-03
+477.4000E-09,-804.0200918913E-03
+478.0200E-09,-804.0200918913E-03
+478.6400E-09,-804.0200918913E-03
+479.2600E-09,-804.0200918913E-03
+479.8800E-09,-804.0200918913E-03
+480.5000E-09,-804.0200918913E-03
+481.1200E-09,-804.0200918913E-03
+481.7400E-09,-804.0200918913E-03
+482.3600E-09,-804.0200918913E-03
+482.9800E-09,-842.6130563019E-03
+483.6000E-09,-844.2210964859E-03
+484.2200E-09,-844.2210964859E-03
+484.8400E-09,-844.2210964859E-03
+485.4600E-09,-807.2361722590E-03
+486.0800E-09,-804.0200918913E-03
+486.7000E-09,-804.0200918913E-03
+487.3200E-09,-804.0200918913E-03
+487.9400E-09,-804.0200918913E-03
+488.5600E-09,-804.0200918913E-03
+489.1800E-09,-804.0200918913E-03
+489.8000E-09,-804.0200918913E-03
+490.4200E-09,-804.0200918913E-03
+491.0400E-09,-804.0200918913E-03
+491.6600E-09,-804.0200918913E-03
+492.2800E-09,-804.0200918913E-03
+492.9000E-09,-804.0200918913E-03
+493.5200E-09,-804.0200918913E-03
+494.1400E-09,-804.0200918913E-03
+494.7600E-09,-804.0200918913E-03
+495.3800E-09,-804.0200918913E-03
+496.0000E-09,-804.0200918913E-03
+496.6200E-09,-804.0200918913E-03
+497.2400E-09,-804.0200918913E-03
+497.8600E-09,-804.0200918913E-03
+498.4800E-09,-804.0200918913E-03
+499.1000E-09,-804.0200918913E-03
+499.7200E-09,-804.0200918913E-03
+500.3400E-09,-804.0200918913E-03
+500.9600E-09,-804.0200918913E-03
+501.5800E-09,-804.0200918913E-03
+502.2000E-09,-804.0200918913E-03
+502.8200E-09,-804.0200918913E-03
+503.4400E-09,-804.0200918913E-03
+504.0600E-09,-804.0200918913E-03
+504.6800E-09,-804.0200918913E-03
+505.3000E-09,-804.0200918913E-03
+505.9200E-09,-804.0200918913E-03
+506.5400E-09,-804.0200918913E-03
+507.1600E-09,-804.0200918913E-03
+507.7800E-09,-804.0200918913E-03
+508.4000E-09,-804.0200918913E-03
+509.0200E-09,-804.0200918913E-03
+509.6400E-09,-804.0200918913E-03
+510.2600E-09,-804.0200918913E-03
+510.8800E-09,-804.0200918913E-03
+511.5000E-09,-804.0200918913E-03
+512.1200E-09,-804.0200918913E-03
+512.7400E-09,-804.0200918913E-03
+513.3600E-09,-804.0200918913E-03
+513.9800E-09,-804.0200918913E-03
+514.6000E-09,-804.0200918913E-03
+515.2200E-09,-804.0200918913E-03
+515.8400E-09,-804.0200918913E-03
+516.4600E-09,-804.0200918913E-03
+517.0800E-09,-763.8190872967E-03
+517.7000E-09,-763.8190872967E-03
+518.3200E-09,-789.5477302369E-03
+518.9400E-09,-804.0200918913E-03
+519.5600E-09,-804.0200918913E-03
+520.1800E-09,-804.0200918913E-03
+520.8000E-09,-804.0200918913E-03
+521.4200E-09,-804.0200918913E-03
+522.0400E-09,-804.0200918913E-03
+522.6600E-09,-804.0200918913E-03
+523.2800E-09,-804.0200918913E-03
+523.9000E-09,-804.0200918913E-03
+524.5200E-09,-804.0200918913E-03
+525.1400E-09,-804.0200918913E-03
+525.7600E-09,-804.0200918913E-03
+526.3800E-09,-804.0200918913E-03
+527.0000E-09,-804.0200918913E-03
+527.6200E-09,-804.0200918913E-03
+528.2400E-09,-804.0200918913E-03
+528.8600E-09,-804.0200918913E-03
+529.4800E-09,-804.0200918913E-03
+530.1000E-09,-804.0200918913E-03
+530.7200E-09,-804.0200918913E-03
+531.3400E-09,-804.0200918913E-03
+531.9600E-09,-804.0200918913E-03
+532.5800E-09,-804.0200918913E-03
+533.2000E-09,-804.0200918913E-03
+533.8200E-09,-804.0200918913E-03
+534.4400E-09,-804.0200918913E-03
+535.0600E-09,-804.0200918913E-03
+535.6800E-09,-804.0200918913E-03
+536.3000E-09,-804.0200918913E-03
+536.9200E-09,-804.0200918913E-03
+537.5400E-09,-804.0200918913E-03
+538.1600E-09,-804.0200918913E-03
+538.7800E-09,-804.0200918913E-03
+539.4000E-09,-804.0200918913E-03
+540.0200E-09,-804.0200918913E-03
+540.6400E-09,-804.0200918913E-03
+541.2600E-09,-804.0200918913E-03
+541.8800E-09,-834.5728553827E-03
+542.5000E-09,-844.2210964859E-03
+543.1200E-09,-844.2210964859E-03
+543.7400E-09,-844.2210964859E-03
+544.3600E-09,-815.2763731782E-03
+544.9800E-09,-804.0200918913E-03
+545.6000E-09,-804.0200918913E-03
+546.2200E-09,-804.0200918913E-03
+546.8400E-09,-804.0200918913E-03
+547.4600E-09,-804.0200918913E-03
+548.0800E-09,-804.0200918913E-03
+548.7000E-09,-804.0200918913E-03
+549.3200E-09,-804.0200918913E-03
+549.9400E-09,-804.0200918913E-03
+550.5600E-09,-804.0200918913E-03
+551.1800E-09,-804.0200918913E-03
+551.8000E-09,-804.0200918913E-03
+552.4200E-09,-804.0200918913E-03
+553.0400E-09,-804.0200918913E-03
+553.6600E-09,-804.0200918913E-03
+554.2800E-09,-804.0200918913E-03
+554.9000E-09,-804.0200918913E-03
+555.5200E-09,-804.0200918913E-03
+556.1400E-09,-804.0200918913E-03
+556.7600E-09,-804.0200918913E-03
+557.3800E-09,-804.0200918913E-03
+558.0000E-09,-804.0200918913E-03
+558.6200E-09,-804.0200918913E-03
+559.2400E-09,-804.0200918913E-03
+559.8600E-09,-804.0200918913E-03
+560.4800E-09,-804.0200918913E-03
+561.1000E-09,-804.0200918913E-03
+561.7200E-09,-804.0200918913E-03
+562.3400E-09,-804.0200918913E-03
+562.9600E-09,-804.0200918913E-03
+563.5800E-09,-804.0200918913E-03
+564.2000E-09,-804.0200918913E-03
+564.8200E-09,-804.0200918913E-03
+565.4400E-09,-804.0200918913E-03
+566.0600E-09,-804.0200918913E-03
+566.6800E-09,-804.0200918913E-03
+567.3000E-09,-804.0200918913E-03
+567.9200E-09,-804.0200918913E-03
+568.5400E-09,-804.0200918913E-03
+569.1600E-09,-804.0200918913E-03
+569.7800E-09,-804.0200918913E-03
+570.4000E-09,-804.0200918913E-03
+571.0200E-09,-802.4120517081E-03
+571.6400E-09,-763.8190872967E-03
+572.2600E-09,-763.8190872967E-03
+572.8800E-09,-763.8190872967E-03
+573.5000E-09,-763.8190872967E-03
+574.1200E-09,-763.8190872967E-03
+574.7400E-09,-763.8190872967E-03
+575.3600E-09,-763.8190872967E-03
+575.9800E-09,-802.4120517069E-03
+576.6000E-09,-804.0200918913E-03
+577.2200E-09,-804.0200918913E-03
+577.8400E-09,-804.0200918913E-03
+578.4600E-09,-804.0200918913E-03
+579.0800E-09,-844.2210964859E-03
+579.7000E-09,-844.2210964859E-03
+580.3200E-09,-844.2210964859E-03
+580.9400E-09,-808.8442124433E-03
+581.5600E-09,-804.0200918913E-03
+582.1800E-09,-804.0200918913E-03
+582.8000E-09,-804.0200918913E-03
+583.4200E-09,-804.0200918913E-03
+584.0400E-09,-804.0200918913E-03
+584.6600E-09,-804.0200918913E-03
+585.2800E-09,-804.0200918913E-03
+585.9000E-09,-804.0200918913E-03
+586.5200E-09,-802.4120517081E-03
+587.1400E-09,-763.8190872967E-03
+587.7600E-09,-763.8190872967E-03
+588.3800E-09,-763.8190872967E-03
+589.0000E-09,-763.8190872967E-03
+589.6200E-09,-763.8190872967E-03
+590.2400E-09,-763.8190872967E-03
+590.8600E-09,-763.8190872967E-03
+591.4800E-09,-763.8190872967E-03
+592.1000E-09,-763.8190872967E-03
+592.7200E-09,-763.8190872967E-03
+593.3400E-09,-763.8190872967E-03
+593.9600E-09,-800.8040115231E-03
+594.5800E-09,-804.0200918913E-03
+595.2000E-09,-787.9396900541E-03
+595.8200E-09,-763.8190872967E-03
+596.4400E-09,-763.8190872967E-03
+597.0600E-09,-804.0200918913E-03
+597.6800E-09,-804.0200918913E-03
+598.3000E-09,-804.0200918913E-03
+598.9200E-09,-804.0200918913E-03
+599.5400E-09,-804.0200918913E-03
+600.1600E-09,-804.0200918913E-03
+600.7800E-09,-804.0200918913E-03
+601.4000E-09,-804.0200918913E-03
+602.0200E-09,-804.0200918913E-03
+602.6400E-09,-804.0200918913E-03
+603.2600E-09,-804.0200918913E-03
+603.8800E-09,-804.0200918913E-03
+604.5000E-09,-804.0200918913E-03
+605.1200E-09,-804.0200918913E-03
+605.7400E-09,-804.0200918913E-03
+606.3600E-09,-804.0200918913E-03
+606.9800E-09,-804.0200918913E-03
+607.6000E-09,-804.0200918913E-03
+608.2200E-09,-804.0200918913E-03
+608.8400E-09,-804.0200918913E-03
+609.4600E-09,-804.0200918913E-03
+610.0800E-09,-804.0200918913E-03
+610.7000E-09,-804.0200918913E-03
+611.3200E-09,-804.0200918913E-03
+611.9400E-09,-804.0200918913E-03
+612.5600E-09,-804.0200918913E-03
+613.1800E-09,-789.5477302380E-03
+613.8000E-09,-763.8190872967E-03
+614.4200E-09,-763.8190872967E-03
+615.0400E-09,-763.8190872967E-03
+615.6600E-09,-763.8190872967E-03
+616.2800E-09,-763.8190872967E-03
+616.9000E-09,-795.9798909716E-03
+617.5200E-09,-804.0200918913E-03
+618.1400E-09,-804.0200918913E-03
+618.7600E-09,-804.0200918913E-03
+619.3800E-09,-804.0200918913E-03
